{"mean": [0.0, 0.0, 0.0, -0.10360269248485565, -0.09637952595949173, -0.09046899527311325, -0.1794595569372177, -0.25669023394584656, -0.1372317224740982, -0.19717755913734436, -0.38289186358451843, -0.18023864924907684, -0.18329356610774994, -0.4676651954650879, -0.21443858742713928, -0.12473040819168091, -0.48531368374824524, -0.06941089779138565, -0.15498435497283936, -0.6187949180603027, -0.1614593267440796, -0.17003771662712097, -0.5949349999427795, -0.21748782694339752, -0.17502939701080322, -0.5704326629638672, -0.24608244001865387, -0.06214078143239021, -0.48719629645347595, -0.0701131820678711, -0.1042294055223465, -0.6165504455566406, -0.17062212526798248, -0.12600140273571014, -0.5522652268409729, -0.20932641625404358, -0.1349639743566513, -0.5142492055892944, -0.21714913845062256, -0.005819123703986406, -0.44946983456611633, -0.08517716079950333, -0.04292512312531471, -0.5369201898574829, -0.1956171989440918, -0.06876042485237122, -0.4237220883369446, -0.20249487459659576, -0.07791709899902344, -0.35393860936164856, -0.18026480078697205, 0.042823001742362976, -0.38562002778053284, -0.10753421485424042, 0.011331561021506786, -0.4559667110443115, -0.18784698843955994, -0.011492876335978508, -0.3955148756504059, -0.1872708946466446, -0.018880655989050865, -0.3556617200374603, -0.1684749573469162], "std": [1.0, 1.0, 1.0, 0.15813162922859192, 0.08288750797510147, 0.07405315339565277, 0.2570163905620575, 0.18943443894386292, 0.1014409065246582, 0.2898145318031311, 0.2953994870185852, 0.11379329115152359, 0.3270719647407532, 0.3744993507862091, 0.12386693060398102, 0.2512415647506714, 0.20503996312618256, 0.11923103779554367, 0.31130123138427734, 0.3319016396999359, 0.13738204538822174, 0.33739691972732544, 0.37891459465026855, 0.1450149565935135, 0.36391061544418335, 0.43912333250045776, 0.1489635556936264, 0.1951178014278412, 0.21149955689907074, 0.09129509329795837, 0.24402008950710297, 0.353964626789093, 0.10912101715803146, 0.2555009424686432, 0.38088828325271606, 0.10684679448604584, 0.2696789801120758, 0.42954158782958984, 0.10473601520061493, 0.18652884662151337, 0.22038576006889343, 0.0726730227470398, 0.23210684955120087, 0.34446361660957336, 0.0872691422700882, 0.2205209732055664, 0.33106735348701477, 0.0781211256980896, 0.21612665057182312, 0.3369518518447876, 0.07970977574586868, 0.22340397536754608, 0.2250884622335434, 0.07587938755750656, 0.25650250911712646, 0.319330096244812, 0.08217791467905045, 0.24859048426151276, 0.33004945516586304, 0.07695575803518295, 0.24806928634643555, 0.34883859753608704, 0.0776900053024292]}